{
  "seq_name": "MOT17-09-FRCNN",
  "idf1": 0.5916961826052736,
  "mota": 0.5215023474178404,
  "motp": 0.19050898496930846,
  "num_switches": 26,
  "mostly_tracked": 11,
  "mostly_lost": 2,
  "num_false_positives": 1018,
  "num_misses": 1504,
  "num_objects": 5325,
  "num_frames_evaluated": 525,
  "iou_max": 0.5
}