{
  "seq_name": "MOT17-09-FRCNN",
  "idf1": 0.5528052805280528,
  "mota": 0.38910798122065726,
  "motp": 0.1906298738622879,
  "num_switches": 27,
  "mostly_tracked": 12,
  "mostly_lost": 2,
  "num_false_positives": 1742,
  "num_misses": 1484,
  "num_objects": 5325,
  "num_frames_evaluated": 525,
  "iou_max": 0.5,
  "weights": "yolov8m.pt",
  "conf": 0.25,
  "imgsz": 960
}